code,size
RAWfIXHNHhEl9nlHbsuIsZuXFigxWpbw3o3m6YEecOERo,4583
RARgSSH931OncISJBf7NAzZAnCxg_416-pZZIBKhYz9Tg,79502
RAdBmj3YeUUy6CwMTFZPPX2ezaQTOt5CqLMS331cJP2W0,14961
RAIW-kUqvdYwQgcj9leWpys3c758PR9JS4AxZbXWXCXKE,5267
RAO3tQt2Hg2rbbroMSZFyCKUi_uTxeeMjNijkC-4DKteo,29882
RA3evbIf5lh5ZM7rnX9CAvfmZtkVFw__KCXLByR5dQkbQ,3430
RAf8SwAtE51Q8ZUn0f2VoinFPlxj5h9WIIxMSWjDCLHVw,25962
RAZqN5PLPHvTo0zvpdET8nLQ2FCCn2s3UGrcBun2ObSkQ,183
RACoe1hCsz5r5mPs99Eggb_auVEeB-SoM6YTAfZrEDz-A,42
RAM-2ntLXzb2WY1VM_gTrVQDydc6cSVG0fMgB26HmIhnU,98085
RAbyBsPKDTg5OGzkHuk4GM47PQxb4uOtRluFpSaXZn-Rw,39268
RAK_mkjiDrgvlttNWZHgBcRrpepiAiRgVBopYcKUZqUN4,15107
RAZUFR72KsiOtMWlxTSyGnZzQZylkBItGXDVe0ADmHUOs,4007
RAMYp-s7FxlewSUzyh2LLSQbXnjngkuNXCjlIkDe5h0TY,310
RAUgzHCC5Z0uH8v89Bddd9NMdTn7ctK7vZHpOve7YPaG4,12104
RAD3LTE5gKujkUmYPfY0yhxZHeYW5kwpF_f3YBxYoB7AA,7740
RAxem_NvV-uMTtUXUePxcdib0xw90bT1TExLJQp-Z7cgA,17147
RAMjL9sevrzITxZdeB_tUqfRABp5PlTYhdiNcq_kKz440,4417
RA4pAKrybhUh4Y6qazLEitSZ7rXqcxUrGVezfmT4yhIdQ,12685
RA1AMnSjbML9T4WDOsTZu5UDhD7Mr8ExIvztGd4Y4uJfk,45
RAkIUxPxzVhUMNZ8up0ivmR3th6-qhFvf7LX6oJM78xws,17141
RAt5TYmiahHGyJ3DOC1-Ys95tGb2Yn4EYwXDuNSpZ5Lqw,4413
RAje8Xo6w9QRPOzaLLaOHvCPFT7frFf3WlJBZY9oui0_I,12683
RAMBAEXMXBFUJSO8jVsYdhqmys2VU-oqlMcxiJTzFrv8w,45
RA_AWcwm57iWtR5GbfhFAV2L2xsGMid8usbrtE-2h7Rzk,17097
RAtx2TuK8OQBpdA0s4N0vbQtn7EnR5SJ9wHnqeCwiS66c,4408
RAviMsz7k0GorXIUUpz_70L1PjlXYYSugmQLOhL7I4_2w,12645
RANZaA3Io8uQjnyqmiIWuazXFdugH_hwbB2N5_LuF8bsY,44
RA6QNVGZTuDN0g-zEKm02oLlqPO9JVz6cA4J760Bs0Zc4,17089
RAjiRqNKwIGPRUinw1kgAr5_hLaTrnJqqWLMO1lMfpzYA,4407
RAvqkqpEDxgu_CAx00IZSc8MYQqizkQaL4TsB72ThOCqQ,12638
RAaeLg9HD-3KD_lG6iJwHXhH_nGQ-1o3DCZRRmzDY-at8,44
RA02JkPYQWNKYOl1rFM-bAoW34J--0-WMabwzAiYUfs7E,17079
RA9PgElv4BBEaEFSBrrs_cNlpM6C00kanqjiZKYqHtdLg,4403
RAEPIhZ2sqkfW2bksN7HGCnPsc-2c5Dl0i0hZijTHbO_I,12632
RAmV1dLULcQ1Y0XJ2a4XU8Um1seA_W6OLzM7F50qj5YQ4,44
RATKvfPRl_biwB4p-35enMzZ-ssqEMWEJLIV2PA8ql-HY,17049
RAOPQkxpfN6Q0x1c9rPG4YE1qQpra823ANMdl9Cw3P4Cc,4386
RA8Z6vtMDkJwrfCwXTeCphiZcbtWcqTOVjOOqGEM5m8EY,12620
RAnlfiUUQO_Maf9bB5dJaMDv59Mp8v2K3jFJNoJyuAP9k,43
RAl8UDvys8ZvCQZPiIKuH6vRws9iK79G-imHk2b4ks_BY,17487
RA0_EvKhRAp4c-nmRDAVnJFHjN66QpxzTEyuCsqN2mTic,4364
RAKxH7Q3QEzfFNn0UTBZDXdS2zc4msoOHTKmHJ8uK0Es0,13080
RATpzeUn6EUnsbbcjDjykIzMp12L46pryNmKb2fBIeI-A,43
RA0MYQBxAkmFTGzOUgmorKF-Z05E_n8snH1X3ZWNjmiEQ,17613
RA6-Jweu-ZkTqtm1bSfncIJGZnxf_f3CNmeIE9aYa8CjE,4362
RAGziCxT6VmT0P88oV1fojSV4uGTDN6GRMhWQtYivAm5Q,13208
RArhG7E2zajatC9l5YfYJ97yrdvNn2gAJjyJV5G9X4xLA,43
RATjW4Rl_8gGY_SdlIYaaRuLiKMBYKtHZ78MoiuHDzwg8,14323
RAdJFUnFeXykbkij-_0qLhdh7iVnM8_46JQihRmGTeR6E,3910
RAmEI2cMCUyH1WTNguP_M7NvsZoHhtosnoE45jj3AwprA,10371
RAWI1WaLMfpctXfhFSh0rvYrhm_EQ82a1YALToHk3cXqM,42
RA-OqlWv038E_6gEuB-7_Q0Z1vg1Riztes6wbO72K4T6Y,14323
RA9h-sX7g9x_R2sLq8gpyIwgyYpijvp4YIuACWdt3UXbQ,3910
RA-W56ZJP0U84frO_AnS_ZtyicjCf2IjNYK18bJ8FpZao,10371
RAp9QBqvyPlvIoOpA_fCCVYHHlsInHIu2EmxOFQd7yRQg,42
RAfh_E6xmcdxDifBCA5ojx061d4pfK6GHCdbiNqRxNou8,1469541
RAeyljAme-dwlpRSljxhq5Z2ga5SRRU3cs32Q1uBxtlXU,1657
RAxMyDRaM8RmKGNiEe7dQPRUTuz616iI-N2T-H3MPYmXk,18098
RAcf4tihZLL_aK81hwThIrNxjOhks4sEloBStEgzyR1tI,4859
RAAGy9p2PABQk-MlGDF30myYrhJeDiqDpL9D5L82Knm3E,83771
RAKz0OQ3Dq8dDWqF7SIY4TgYcZRX4d2TnmLUEbOwnaGmQ,14323
RAbZxrCNajdfj4BMq6WAixbB1hsshC8_hcBlmoaZ3clUU,14323
RAQoM3x3EezX6HL-FO48oLNv3xwHhSJjavnw2cDuMXDm8,14319
RAyZp9GEJJixTX91NqTHvJX4sxuXVqfIR3s453GxdTiUY,14323
RALSbi8hYBwO0LRScOREHn6wRecg0V87xdQ6fKlzZbh0s,13975
RANmrwy03InvBPOTS31CDn-mMQBLS-CId_3ctqlgNs5b0,13958
RAUv52zWreL97X4-s8ChdQ7yzma_TqXWiGL3oeISLqpQY,10127
RA2XpJikTwBSreEKut0jtQ52BAXV2Bulei-YS-9ya6CWI,10124
RAn72jhK8wPzZIbFLMNBEHk9s3JYRr2VEJkSji6vd151A,10123
RAv1c3VBY0-0FSlVYsyXzqecgnd0V4zeeE83eDnRgwzKQ,10173
RAkl7dPvlpTxXv3b5skIPdcseA0707M0Ab63FfBsFvEAc,9018
RAFyJrsxjjkkT2ALN2PkgQTI4YrHVfYgygpxqmxMhSMqA,3910
RA7H_R7RZRiJ14J3KTFD9IGzdnlWlp1kCJWlJWlTHseno,3910
RAtKHwlPZQSYGG6pXxcvZ-lrRwRsiCxfpO48L5KEXn4jA,3906
RAwx3ICvG1xAzLye1c2TCYKAf3EilnyBP1DCcIqdSlZLg,3906
RAlqhe3FmRcaPsQP9F6z6mlpc7QcS-87fbFYUmQm1zCVI,3838
RAieZ49uxdKeXrqyDXvYC_fTnribtq9_fvsZdodCTJ-tk,3830
RApizOwYz0AfBo6y1TSmG_5hWCbXYCKVa2HspzrMEoTjk,10371
RAd2XME41qX2G0_L8iyKZ5HQfzXc9iPoR4JKqlfxjr67I,10371
RALEiGJ4h5ddSN92eL3AlewfhCxrdgeZ1YLhWjR_1wZFE,10371
RAz6aGMobsbBYFWTp95n2RQOYZI8ZerInelEow0fsWGko,10375
RABXul9kAvYymPptZYM48cIBKVu5z17W4M2jtrn1a3GJQ,10100
RAYuzoANh721DxMebtf-AZMyW3vIxBvZh22if0Pc8hNo0,10092
RA8nws6QKUl6NCEqOSBnV3VNdGoXTjDi2rSgFcciQotW4,10090
RA6Sbqku5f5D4rhHF9Sc-XVnCNDsk7CTrt24lnScnkHoA,10087
RAOHFPqgB7grnOPYfhXfcZEsY7dHHjfHQGzrL2Mp6aUtQ,10086
RAB4s_Mswg579pYGflUa1Gu_84hMmByKY8nn013npwBl0,10136
RA3-lOrJmxp2tYS3fa4t5dD09NcmcVbPeCV-suchaJFRA,8977
RA1gsyHUYrQV3yOgRQ1XrHVWrrF41GQV1h6BePCfm-7eg,42
RAND_wLT2kB7y5kU7XhM1_1v0FVuQsxlW2oHVUNODoYXM,42
RACwicgJPGLo5kW8r-4OE4PWpdXj1MEkSrAYmM1tm_kRU,42
RAN4lt0A-fANM4g1NuHni4J7xs1IlBaXYKVNGVoKBGOZo,42
RA7ursz5NEhudOkQxBgcaV8sw97RLna9FO7isyrypjW-g,37
RAp1UKyGTUgz-oxTJazoR7xUckYX_uwVd5JOoYVi60DKQ,36
RAVvPN0SI9dkGEO_kU-AeqI-llRl1gv7lOagAXKNAm7a8,37
RAdGzmpzlOKGrFt4a-es2ncleen1al4AbYuA8tyr7Uk5A,37
RAPABbweeUUbR4pcP8uCxwxLsSi_IJTiYp5dhTVjaSMkY,37
RAuBeU5Z_RW4snKOczFRB2mttOZ1ZzdUk8v4cUBkv6Tac,37
RAiIF_QH1NK7I9AuGtPzCj_mP-jWv2beeZUTkEmk9PoW8,41
RAu0PUrg-M8HxkOiYRXkTg7r9fgOIzFZNINj8q7ywNrdM,1414902
RAufQaKzv1pZlMhZo2eBuZtx9vuugLBJsrs4ZkvR53xzw,1018735
RADYX-ia_TZYAw_eZD0-2oGGA7gnMxOnVj-Gh8wdJgAzI,940034
RA5rwWe7m-iWz8TF1kHIDCs9kLjwqIYeY3ZwLRQ5K0NZY,1512
RAV0-Gv-hPd05NWFQETchbhflTe5M44PolFlTkzwMWed4,3
RANwPKrLBWo35dliB-75p4rnTt393KJK8LVZDiRN3mUZA,1254468
RA0ImMGdhttIJxDJsPw7HiRLZiqpIIhRhzw0Y6r8LvmKg,233
RAtyhkWi1DEMnlombfdWvO4zqi2OgCoNz3MRy-YucWH2Q,692
RAK92fVJCMpJ3Ie3jMXiehtKnFNzvGd3MQnXOj55CgML8,2566
RAwepzy1rtZCwp_ABboUHReraz95kc4-EM-RP6V4RkKzc,1642
RAwMqPOC0ZdZquSGih3aNsUuwGAGGtaCR3L4r5IRkK5x0,968
RAhoIw-XmyVv7DfMKyni67OHBFRqPvHAodr_iRgJxhtxY,1284
RAyRv500NbzzqmkouEraxBX-Op9Hg4Wps0HrQkNFyeNLQ,1414902
RAxM_p9YP3oZrQZQm_pDg_tVpUKg15UPy_VY90fXiF-NQ,13
RAnAgWoQuJYRDoC02iZdnPP8CHyDNHTY_HKVCj5BqwdxM,2
RAVEKRW0m6Ly_PjmhcxCZMR5fYIlzzqjOWt1CgcwD_77c,1018735
RAFa_x4h0ng_NXtof35Ie9pQVsAY69Ab3ZQMir2NP8vGc,3
RA7SuQ0e661LJdKpt5EOS2DKykf1ht9LFmNaZtFSDMrXg,98085
RA6jrrPL2NxxFWlo6HFWas1ufp0OdZzS_XKwQDXpJg3CY,5
RAXsXUhY8iDbfDdY6sm64hRFPr7eAwYXRlSsqQAz1LE14,3
RAXFlG04YMi1A5su7oF6emA8mSp6HwyS3mFTVYreDeZRg,4025981
RAXy332hxqHPKpmvPc-wqJA7kgWiWa-QA0DIpr29LIG0Q,940034
RAR5dwELYLKGSfrOclnWhjOj-2nGZN_8BW1JjxwFZINHw,74173
RACy0I4f_wr62Ol7BhnD5EkJU6Glf-wp0oPbDbyve7P6o,50707
RAY_lQruuagCYtAcKAPptkY7EpITwZeUilGHsWGm9ZWNI,156026
RAVEEQwjHbSgw0a7WIZhVkVHOnbfTGY7HNTSDGbrkPAAg,
RAKUB-H_7ATOS2wemqN2yXjGdOqqlYeOuAgy5WOgVQwpg,
RAdw0S5f06-Ed2uXNISU-wbXmqvQ9-6hxd4fqIslT38Wg,72885
RAtF0ivB9B8cb-u3K_zElgmRBxiDwfym1yVBRY6VAyWvE,1288
RAsmhDKpyhTORhvWOZZL_cfSVZUqLYJFl_AqF_xPN34Qw,48674
RAR7OfS-AqG9_XogObQZpWq6LaBsV95jeseJtscuwpwJo,2033
